text	language	label	source	annotator
Comprehensive data collection and analysis are essential for assessing the effectiveness of immigration policies, including metrics such as border apprehensions, visa approval rates, and immigrant integration outcomes.	eng	9	Chat GPT	G01391997
Executive authority may influence same-sex marriage policy through executive orders and directives, particularly regarding federal recognition and benefits for same-sex couples.	eng	5	Chat GPT	G01391997
Capacity issues within existing marriage registration systems may lead to administrative delays or errors in processing same-sex marriage licenses and certificates.	eng	2	Chat GPT	G01391997
Upholding same-sex marriage as morally permissible fosters a more inclusive and compassionate society that celebrates diversity and respects human rights.	eng	3	Chat GPT	G01391997
Second-generation immigrants often excel academically, demonstrating the potential benefits of integrating families.	eng	15	Gemini	G01391997
Policymakers often face pressure to align with public opinion on same-sex marriage to maintain electoral support and legitimacy.	eng	12	Gemini	G01391997
Polling data often reflects a complex landscape of opinions on immigration, with trends indicating shifts in public sentiment over time.	eng	12	Gemini	G01391997
The Constitution grants the federal government authority to regulate immigration, including the establishment of policies regarding entry, deportation, and naturalization.	eng	5	Chat GPT	G01391997
Skilled immigration can enhance innovation and technological advancement, leading to long-term economic benefits through increased productivity and competitiveness.	eng	1	Chat GPT	G01391997
Enhanced border security policies, such as increased surveillance and physical barriers, aim to reduce illegal crossings and enhance national security but may be costly and ineffective in addressing root causes of migration.	eng	6	Chat GPT	G01391997
Evaluating the effectiveness of these policies requires considering their objectives, feasibility, and potential unintended consequences.	eng	6	Chat GPT	G01391997
The Bill of Rights protects the rights of same-sex couples to privacy and equal protection under the law, as affirmed by the Supreme Court in landmark cases such as Obergefell v. Hodges.	eng	5	Chat GPT	G01391997
Social integration and acceptance are crucial for immigrants to feel safe and contribute fully to society, impacting quality of life.	eng	10	Gemini	G01391997
Some religious leaders and organizations advocate for policies that prioritize family unity and reunification, recognizing the inherent value of maintaining familial bonds within immigrant communities.	eng	3	immigrationequality.org	G01391997
Marriage equality encourages open communication and mutual support within LGBTQ relationships, fostering healthier dynamics and reducing the prevalence of mental health challenges such as depression and anxiety.	eng	9	Chat GPT	G01391997
Limited resources for immigration processing and enforcement can exacerbate inequalities, as individuals with greater financial means may navigate the system more effectively.	eng	4	Chat GPT	G01391997
Various policies have been proposed to address immigration challenges, such as border security measures, pathways to citizenship for undocumented immigrants, and reforms to the legal immigration system.	eng	6	Chat GPT	G01391997
Overcoming barriers related to the lack of resources and capacity in implementing same-sex marriage policies requires sustained advocacy, education, and institutional reform to ensure equal rights and opportunities for all couples, regardless of sexual orientation.	eng	2	Chat GPT	G01391997
Moral progress is evident in societies that recognize the dignity and worth of LGBTQ+ individuals through the legalization and acceptance of same-sex marriage.	eng	3	Chat GPT	G01391997
Effective criminal justice reform is crucial for all communities, regardless of immigration status.	eng	7	Gemini	G01391997
Cultural exchange through immigration broadens our understanding of the world and can challenge our perspectives.	eng	15	Gemini	G01391997
The Fourteenth Amendment ensures that all persons within the United States, including immigrants, are entitled to equal protection of the laws and due process rights.	eng	5	Chat GPT	G01391997
Some political leaders openly declare their opposition to same-sex marriage, viewing it as contrary to their party's values or detrimental to their electoral prospects in certain constituencies.	eng	13	Chat GPT	G01391997
Immigration policies may influence foreign policy objectives, such as promoting human rights, humanitarian assistance, or cultural exchange programs.	eng	14	Chat GPT	G01391997
Overall, the impact of immigration on quality of life can be complex, with both potential benefits and drawbacks depending on individual circumstances and receiving communities.	eng	10	Gemini	G01391997
Customs related to marriage ceremonies and celebrations have adapted to accommodate same-sex couples, reflecting cultural norms of celebration and familial acceptance.	eng	11	Chat GPT	G01391997
While government authority to regulate immigration is paramount, individuals and corporations may still exercise certain freedoms within the bounds of the law, including engaging in advocacy, providing legal assistance to immigrants, and petitioning for changes to immigration policies.	eng	5	Chat GPT	G01391997
Same-sex marriage promotes safer relationships by encouraging couples to seek regular healthcare services, including HIV testing and preventive care.	eng	9	Chat GPT	G01391997
Inadequate funding for LGBTQ+ advocacy and support organizations may limit efforts to promote same-sex marriage acceptance and awareness.	eng	2	Chat GPT	G01391997
Some advocate for the establishment of legal aid programs specifically tailored to assist same-sex couples in navigating the complexities of marriage laws and procedures.	eng	6	Chat GPT	G01391997
Monitoring and evaluating the implementation of existing policies can provide insights into their effectiveness and identify areas for improvement.	eng	6	Chat GPT	G01391997
LGBTQ couples have been able to obtain marriage-based immigration benefits since the U.S. Supreme Court held that the Defense of Marriage Act (DOMA) was unconstitutional on June 26, 2013.	eng	6	immigrationequality.org	G01391997
Language learning programs can help immigrants integrate faster and contribute more fully to society.	eng	15	Gemini	G01391997
Understanding the cultural underpinnings of immigration policy debates is crucial for fostering informed dialogue and crafting policies that align with societal values while addressing complex immigration challenges.	eng	11	Chat GPT	G01391997
There are financial implications associated with border enforcement and immigration enforcement measures, including the costs of border patrol, detention facilities, and legal proceedings.	eng	1	Chat GPT	G01391997
Some politicians frame immigration policies as beneficial or detrimental to their party's electoral prospects, using the issue to rally support or mobilize opposition.	eng	13	Chat GPT	G01391997
Religious doctrines of forgiveness and redemption may lead believers to advocate for compassionate immigration policies that provide pathways to legal status for undocumented immigrants.	eng	3	immigrationequality.org	G01391997
Comparative analysis of immigration policies in other countries can provide insights into best practices and lessons learned, informing policy debates and decision-making processes.	eng	6	Chat GPT	G01391997
Deal-making and vote trading are common in immigration debates, with lawmakers exchanging support for immigration policies in exchange for concessions on other issues.	eng	13	Chat GPT	G01391997
Same-sex marriage itself isn't a crime and doesn't impact criminal justice directly.	eng	7	Gemini	G01391997
Political instability or violence in a home country can be a major driver of immigration, with safety being a key factor in quality of life.	eng	10	Gemini	G01391997
Collaborative efforts between government agencies, advocacy organizations, and community groups are essential for developing and implementing effective policies that address the unique needs of LGBTQ+ couples.	eng	6	Chat GPT	G01391997
Same-sex spouses of military personnel can contribute to national security by providing crucial support systems for service members, enhancing overall well-being.	eng	8	Gemini	G01391997
Same-sex marriage may increase demand for family-related services such as adoption, fertility treatments, and family counseling, generating revenue for relevant industries.	eng	1	geographical.co.uk	G01391997
Disparities in immigration policies among countries can create incentives for irregular migration and human trafficking, straining relations and necessitating cross-border cooperation.	eng	14	Chat GPT	G01391997
Understanding the cultural context of same-sex marriage debates is essential for policymakers to craft inclusive policies that respect the rights and dignity of LGBTQ+ individuals while addressing societal values and norms.	eng	11	Chat GPT	G01391997
Denying the right to marry based on sexual orientation perpetuates discrimination and undermines the moral principle of equality.	eng	3	Chat GPT	G01391997
Legal marriage offers financial stability, potentially reducing health risks linked to poverty.	eng	9	Gemini	G01391997
Ultimately, policymakers must balance public opinion with principles of equality and human rights, ensuring that policies on same-sex marriage reflect the evolving values and aspirations of society.	eng	12	Gemini	G01391997
The focus of crime and punishment should remain on individual actions, not marital status or sexual orientation.	eng	7	Gemini	G01391997
Rooted in principles of justice and equity, religious perspectives on immigration underscore the importance of creating inclusive societies that embrace diversity and uphold the inherent worth and dignity of all individuals, regardless of immigration status.	eng	3	immigrationequality.org	G01391997
Increased resources for border security and enforcement might not always translate to a decrease in crime, and could divert funds from other social programs.	eng	7	Gemini	G01391997
Increased social acceptance associated with marriage equality contributes to a greater sense of belonging and self-worth.	eng	10	Gemini	G01391997
Lack of access to healthcare and mental health services can contribute to stress, anxiety, and other mental health issues among immigrant communities.	eng	9	Chat GPT	G01391997
Advocates for immigration equality argue for policies that prioritize human rights, dignity, and inclusivity, recognizing the contributions and humanity of all individuals regardless of immigration status.	eng	4	Chat GPT	G01391997
Political maneuvering within parties can lead to internal divisions over immigration policies, with factions advocating for different approaches based on ideological or electoral considerations.	eng	13	Chat GPT	G01391997
Balancing the rights and interests of same-sex couples with those of heterosexual couples requires challenging societal norms and ensuring that laws and policies are inclusive and equitable.	eng	4	Chat GPT	G01391997
Immigrant labor often fills gaps in the workforce, particularly in industries with labor shortages, thereby boosting productivity and competitiveness.	eng	1	Chat GPT	G01391997
The Constitution grants individuals the freedom to marry whomever they choose, regardless of gender, under the principles of liberty and equality enshrined in the Fourteenth Amendment.	eng	5	Chat GPT	G01391997
Immigrants may be disproportionately affected by gun violence due to factors such as socioeconomic disparities, neighborhood violence, and lack of access to mental healthcare.	eng	9	Chat GPT	G01391997
Same-sex marriage has no bearing on an individual's ability or patriotism in serving their country.	eng	8	Gemini	G01391997
Mentioning the cultural and moral implications of same-sex marriage can serve as a political strategy, with parties framing the issue in ways that resonate with their voter base.	eng	13	Chat GPT	G01391997
Discriminatory laws and societal attitudes towards same-sex relationships can jeopardize the health and safety of LGBTQ individuals, underscoring the importance of legal protections afforded by marriage equality.	eng	9	Chat GPT	G01391997
Research suggests a decrease in healthcare utilization for some LGBTQ+ individuals after marriage legalization, possibly due to reduced stress.	eng	9	Gemini	G01391997
The principle of federalism allows states to enact laws governing marriage within their jurisdictions, but such laws must comply with federal constitutional standards, including equal protection and due process.	eng	5	Chat GPT	G01391997
Religious duty to care for the vulnerable and marginalized compels believers to challenge xenophobic rhetoric and policies that demonize immigrants and refugees.	eng	3	immigrationequality.org	G01391997
Bilateral or multilateral trade agreements often include provisions related to immigration, such as provisions for the movement of labor or visa facilitation for business travelers.	eng	14	Chat GPT	G01391997
Bipartisan efforts to address immigration challenges may face hurdles as parties negotiate competing priorities and interests.	eng	13	Chat GPT	G01391997
Appeals to one's political base often shape immigration stances, with parties positioning themselves to appeal to their respective voter demographics.	eng	13	Chat GPT	G01391997
Financial constraints may limit investments in technology and surveillance systems necessary for monitoring and managing migration flows effectively.	eng	2	Chat GPT	G01391997
Rewards for marriage compliance, such as legal recognition and societal acceptance, may be unequally distributed based on prevailing attitudes and cultural norms.	eng	4	Chat GPT	G01391997
Legal recognition of same-sex marriage can lead to cost savings for governments by streamlining administrative processes related to marriage and reducing legal disputes over relationship recognition.	eng	1	geographical.co.uk	G01391997
Overall, while there are financial implications associated with same-sex marriage, the economic benefits of equality and inclusion outweigh the costs, contributing to a more prosperous and equitable society.	eng	1	geographical.co.uk	G01391997
However, challenges persist, including ongoing discrimination and disparities in access to marriage-related services, indicating the need for continued policy efforts.	eng	6	Chat GPT	G01391997
Ultimately, addressing immigration challenges requires a comprehensive and nuanced approach that considers the complex factors driving migration while balancing security, humanitarian, and economic concerns.	eng	6	Chat GPT	G01391997
However, language barriers and difficulty recognizing foreign qualifications can initially hinder economic mobility for immigrants.	eng	10	Gemini	G01391997
Immigration law is very complicated and couples should speak with a qualified attorney before filing anything	eng	6	immigrationequality.org	G01391997
Some immigrants may have ties to criminal organizations or extremist groups, posing potential security risks.	eng	8	Gemini	G01391997
Research suggests reduced stress and depression in LGBTQ+ couples after marriage legalization, impacting mental health.	eng	10	Gemini	G01391997
Mentioning the economic impact of immigration can serve as a political tool, with parties emphasizing job creation or wage protection to appeal to specific voter groups.	eng	13	Chat GPT	G01391997
Limited resources for legal representation and advocacy can exacerbate inequalities, particularly for LGBTQ+ individuals facing discrimination or legal barriers to marriage.	eng	4	Chat GPT	G01391997
Immigrant communities often maintain their traditions, enriching local cultural landscapes with food, music, and art.	eng	15	Gemini	G01391997
Pathways to citizenship for undocumented immigrants, such as comprehensive immigration reform, seek to provide legal status and integration opportunities but face political hurdles and opposition from anti-immigrant groups.	eng	6	Chat GPT	G01391997
Immigrants may face challenges in accessing mental health services due to cultural stigma, language barriers, and lack of culturally competent care.	eng	9	Chat GPT	G01391997
Challenges persist in achieving full equality for same-sex couples, including ongoing legal battles, social stigma, and discrimination in various spheres of life.	eng	15	Chat GPT	G01391997
The principle of checks and balances among the branches of government ensures oversight of immigration policy, with Congress responsible for enacting legislation and the judiciary tasked with interpreting and applying the law.	eng	5	Chat GPT	G01391997
Access to better education systems is a reason many families immigrate, seeking a brighter future for their children.	eng	10	Gemini	G01391997
Limited access to legal representation for migrants, particularly those facing deportation proceedings, undermines due process and fairness within the immigration system.	eng	2	Chat GPT	G01391997
The ability to inherit from a spouse provides security and reduces financial burdens on surviving partners.	eng	9	Gemini	G01391997
Religious beliefs and cultural traditions may shape attitudes towards same-sex marriage, leading to debates over the separation of church and state in policymaking.	eng	11	Chat GPT	G01391997
Immigration policies can significantly impact external relations between nations, influencing diplomatic ties, and cooperation on security and economic matters.	eng	14	Chat GPT	G01391997
Same-sex marriage remains a contentious issue in many societies, highlighting the ongoing struggle for LGBTQ+ rights and acceptance.	eng	15	Chat GPT	G01391997
Capacity issues within existing immigration systems, such as outdated technology and administrative inefficiencies, impede the timely processing of visa applications and immigration benefits.	eng	2	Chat GPT	G01391997
The recognition of same-sex marriage by governments has profound implications for LGBTQ+ individuals' rights and freedoms, shaping their access to legal protections and benefits.	eng	15	Chat GPT	G01391997
The lack of physical resources, such as border infrastructure and personnel, can hinder effective immigration enforcement and border security measures.	eng	2	Chat GPT	G01391997
Ultimately, shaping public sentiment towards immigration requires addressing legitimate concerns while promoting the positive aspects of a welcoming and inclusive society.	eng	13	Gemini	G01391997
Geographic disparities exist, with urban areas offering more LGBTQ+ friendly environments compared to some rural regions.	eng	10	Gemini	G01391997
Addressing the lack of resources and capacity within immigration systems requires comprehensive reforms and investments to ensure the humane and efficient management of migration while upholding the rule of law and protecting human rights.	eng	2	Chat GPT	G01391997
Political parties may strategically appeal to their base by taking a stance for or against same-sex marriage, leveraging the issue to mobilize supporters and attract donations.	eng	13	Chat GPT	G01391997
However, large-scale immigration can strain resources and infrastructure, impacting border security and national preparedness.	eng	8	Gemini	G01391997
Anticipating demographic shifts and evolving social attitudes towards immigration can inform policy decisions and long-term planning.	eng	12	Gemini	G01391997
Same-sex marriage recognition can serve as a benchmark for progress towards LGBTQ+ rights and inclusion, shaping perceptions of a country's social values and priorities.	eng	14	Chat GPT	G01391997
Cyber security concerns exist, with potential vulnerabilities in immigration systems that could be exploited by criminals or hostile nations.	eng	8	Gemini	G01391997
Public opinion on immigration may be influenced by media coverage, political rhetoric, and cultural narratives, highlighting the importance of accurate information and communication strategies.	eng	12	Gemini	G01391997
Ultimately, same-sex marriage is a social justice issue, and ensuring equal rights for all citizens can contribute to a more stable and secure society.	eng	8	Gemini	G01391997
Duty-bound by principles of justice and humanitarianism, certain religious groups advocate for policies that prioritize the protection and fair treatment of immigrants, irrespective of legal status.	eng	3	immigrationequality.org	G01391997
Immigration policies that prioritize background checks and vetting procedures are crucial for national security.	eng	8	Gemini	G01391997
Same-sex marriage has sparked discussions on the nature of love, commitment, and the meaning of family in contemporary society.	eng	15	Chat GPT	G01391997
The First Amendment protects individuals and corporations' rights to express support for same-sex marriage, advocate for LGBTQ+ rights, and engage in business practices that uphold equality and nondiscrimination.	eng	5	Chat GPT	G01391997
Trade agreements and economic partnerships may consider a country's stance on LGBTQ+ rights, including same-sex marriage, as a factor in negotiations and market access.	eng	14	Chat GPT	G01391997
Spatial limitations in venues and facilities for same-sex marriage ceremonies can impede couples' ability to celebrate their unions openly and inclusively.	eng	2	Chat GPT	G01391997
Cultural considerations regarding humanitarianism and human rights may influence policies on asylum and refugee resettlement, reflecting commitments to international obligations and moral principles.	eng	11	Chat GPT	G01391997
Values such as love, commitment, and equality are central to the discourse surrounding same-sex marriage, shaping policies aimed at legalizing and protecting the rights of LGBTQ+ couples.	eng	11	Chat GPT	G01391997
Overall, political considerations heavily influence immigration actions and stances, shaping policy debates and outcomes as parties seek to advance their agendas and secure electoral advantage.	eng	13	Chat GPT	G01391997
The Fourth Amendment safeguards against unreasonable searches and seizures, limiting the government's ability to conduct immigration enforcement activities without proper authorization or probable cause.	eng	5	Chat GPT	G01391997
The nostalgia for home can be a powerful motivator for immigrants to work hard and succeed in their new country.	eng	15	Gemini	G01391997
Polling data consistently demonstrates a growing majority in favor of legalizing same-sex marriage, reflecting changing societal norms and values.	eng	12	Gemini	G01391997
Strengthening relations between countries on same-sex marriage issues can contribute to a more inclusive and equitable global community, advancing shared values of dignity, freedom, and equality for all individuals.	eng	14	Chat GPT	G01391997
Legal recognition of same-sex marriage reflects cultural values of fairness and justice, challenging traditional norms that exclude LGBTQ+ individuals from the institution of marriage.	eng	11	Chat GPT	G01391997
Social norms surrounding gender roles and sexual orientation influence debates on same-sex marriage, with cultural expectations of heteronormativity often influencing policy discussions.	eng	11	Chat GPT	G01391997
Affordable housing and access to healthcare are essential for immigrants to establish themselves and improve their quality of life.	eng	10	Gemini	G01391997
Immigration equality refers to the fair and impartial treatment of individuals regardless of their nationality, ethnicity, or immigration status.	eng	4	Chat GPT	G01391997
Inadequate funding for humanitarian assistance and support services can exacerbate the vulnerability of asylum seekers and refugees, straining local resources and communities.	eng	2	Chat GPT	G01391997
Finding a balance between preserving cultural heritage and adapting to a new society can be a complex challenge for immigrants.	eng	15	Gemini	G01391997
The lack of legal recognition and protection for same-sex marriage in certain jurisdictions reflects a deficiency in political will and commitment to equality.	eng	2	Chat GPT	G01391997
Prior to marriage legalization, some same-sex couples faced discrimination and harassment due to their sexual orientation, which could lead to criminal charges.	eng	7	Gemini	G01391997
Ultimately, addressing immigration challenges requires a comprehensive and nuanced approach that considers the complex factors driving migration while balancing security, humanitarian, and economic concerns.	eng	9	Chat GPT	G01391997
Spousal recognition in healthcare settings allows same-sex couples to make informed decisions for their partner's well-being.	eng	9	Gemini	G01391997
Intelligence gathering and cooperation with international partners are vital in identifying and mitigating threats from foreign actors seeking to enter a country.	eng	8	Gemini	G01391997
State and local governments retain some authority to regulate aspects of marriage, such as licensing and ceremonial procedures, but must do so in a manner that does not infringe upon individuals' constitutional rights.	eng	5	Chat GPT	G01391997
Skilled immigrants can bring innovation and entrepreneurship to a country, boosting economic growth.	eng	15	Gemini	G01391997
Finding a balance between national security and openness to immigration is a complex challenge for governments.	eng	8	Gemini	G01391997
Same-sex marriage may increase demand for family-related services such as adoption, fertility treatments, and family counseling, generating revenue for relevant industries.	eng	1	Chat GPT	G01391997
Marriage can provide stability and support, potentially reducing factors that contribute to crime for some individuals.	eng	7	Gemini	G01391997
Stakeholder engagement and input from affected communities, including immigrants and advocacy organizations, are critical for understanding the real-world impacts of immigration policies and identifying areas for improvement.	eng	6	Chat GPT	G01391997
Ultimately, the success of policies aimed at addressing issues related to same-sex marriage hinges on their ability to promote equality, fairness, and inclusivity within marriage laws and societal norms.	eng	6	Chat GPT	G01391997
Same-sex marriage rights vary widely around the world, with some countries embracing equality while others continue to criminalize LGBTQ+ relationships.	eng	15	Chat GPT	G01391997
Existing policies, such as the legalization of same-sex marriage in many jurisdictions, have been instrumental in advancing equality and recognition for LGBTQ+ couples.	eng	6	Chat GPT	G01391997
Moral arguments in support of same-sex marriage emphasize the importance of love, commitment, and mutual respect in fostering healthy and fulfilling relationships.	eng	3	immigrationequality.org	G01391997
While some immigrants experience initial challenges, studies show they often achieve higher levels of education over time compared to native-born populations.	eng	10	Gemini	G01391997
In many countries, immigration laws and policies often disproportionately impact marginalized communities, resulting in systemic inequalities in how laws are applied and enforced.	eng	4	Chat GPT	G01391997
Social responsibility driven by religious ethics motivates individuals and communities to provide sanctuary and support to undocumented immigrants facing deportation.	eng	3	immigrationequality.org	G01391997
Harmonizing immigration policies with neighboring states or regional blocs can enhance cooperation on border management, law enforcement, and labor mobility.	eng	14	Chat GPT	G01391997
Technology advancements can streamline the immigration process and make it more efficient.	eng	15	Gemini	G01391997
Moral leadership entails advocating for policies and attitudes that affirm the humanity and dignity of all individuals, regardless of their sexual orientation.	eng	3	hks.harvard.edu/	G01391997
Focusing on integration programs and pathways to citizenship can be more effective in reducing crime and promoting public safety.	eng	7	Gemini	G01391997
Legal marriage doesn't guarantee acceptance in all communities, and same-sex couples may face social isolation in certain areas.	eng	10	Gemini	G01391997
Judicial interpretation of the Constitution has expanded marriage rights to include same-sex couples, recognizing marriage as a fundamental right deserving of constitutional protection.	eng	5	Chat GPT	G01391997
Ethical treatment of refugees fleeing war or persecution is a humanitarian concern with global implications.	eng	15	Gemini	G01391997
However, discrimination and prejudice based on sexual orientation can still negatively impact quality of life for LGBTQ+ couples.	eng	10	Gemini	G01391997
Ethical considerations rooted in religious teachings emphasize the importance of treating immigrants with respect and dignity, regardless of cultural or national origin.	eng	3	immigrationequality.org	G01391997
Bipartisan efforts to legalize same-sex marriage have emerged in some jurisdictions, with lawmakers from both sides of the aisle collaborating to advance LGBTQ+ rights.	eng	13	Chat GPT	G01391997
Balancing the rights and interests of native-born citizens with those of immigrants requires careful consideration of principles such as fairness, compassion, and the rule of law.	eng	4	Chat GPT	G01391997
Rewards for immigration compliance, such as pathways to citizenship or work permits, may be unequally distributed, favoring certain groups over others.	eng	4	Chat GPT	G01391997